vid;temper;rashodEnerdgi;otnPoverhnost;massa;mozg;pochki;pechen;selezenka;mishzi
mause;37,9;0,2;28,1;0,061;32,9;46,1;23,1;16,9;12
red;37,8;0,15;22,3;0,31;26,3;38,2;17,2;12,7;8,6
cavy;37,8;0,36;18;0,51;27,3;31,8;13;11,6;8,5
rabbit;38;0,69;16,6;1,05;28,2;34,5;11,6;14,2;8
cat;38;1,5;18,6;2,75;26,9;22,7;13,2;8,4;3,9
dog;37,8;8,5;17,7;15,9;21,2;27;11,7;6,6;4,9
sheep;37,7;26,3;13,5;49;19,7;27,5;8,5;6,9;5,4
bull;37,6;256,8;13,2;420;17,2;23,5;8,2;4,4;4,3
giraffe;37,7;195;13,4;350;18,2;14,3;9,6;5,7;6,3
pig;36;83,9;10,9;150;18,5;25,4;8,4;5,3;5,6
horse;36,3;468,2;35,7;725;15,7;21,5;5,4;4,2;4,4
